index,Date,production_1,production_2,production_3,Total production (ton),production_1%,production_2%,production_3%,Clusters,outlier
2,2019-01-03,50.76999999999999,25.227613806903452,61.78859999999994,137.7862138069034,0.3684693743827679,0.18309243798699615,0.44843818763023585,0,0
3,2019-01-04,48.670000000000016,28.4392196098049,63.337900000000026,140.44711960980493,0.34653612074933754,0.20249058641299109,0.45097329283767146,0,0
7,2019-01-12,49.970000000000006,27.171085542771387,65.59,142.73108554277138,0.3500989277141439,0.19036557761363895,0.45953549467221727,0,0
17,2019-01-22,50.05,24.55102551275638,62.53000000000002,137.1310255127564,0.364979404280355,0.17903333998237006,0.45598725573727494,0,0
19,2019-01-24,48.09999999999998,24.84367183591796,55.98929999999997,128.9329718359179,0.37306205941807336,0.1926867230481153,0.43425121753381146,0,0
20,2019-01-25,50.040000000000035,25.989244622311155,62.94930000000004,138.97854462231123,0.36005557646317987,0.18700184760848987,0.4529425759283302,0,0
21,2019-01-26,49.40999999999997,25.442721360680338,62.66999999999999,137.5227213606803,0.3592860838640079,0.18500740175110275,0.45570651438488935,0,0
22,2019-01-27,49.27000000000002,25.293896948474238,63.35930000000005,137.9231969484743,0.35722779844210273,0.18339117355236187,0.45938102800553543,0,0
23,2019-01-28,50.199999999999974,25.835417708854425,63.579999999999984,139.61541770885438,0.3595591434227131,0.18504702512676685,0.45539383145052004,0,0
24,2019-01-29,49.150000000000006,25.4552276138069,63.42929999999994,138.03452761380686,0.35607033145729977,0.18441203120588467,0.4595176373368155,0,0
25,2019-01-30,49.349999999999994,25.86418209104552,63.41930000000008,138.6334820910456,0.35597461201753605,0.1865651911856299,0.457460196796834,0,0
26,2019-01-31,49.609999999999985,24.62856428214107,62.88999999999997,137.12856428214104,0.3617772873194221,0.17960199912447108,0.45862071355610673,0,0
27,2019-02-01,50.11000000000003,24.626063031515756,63.47999999999999,138.21606303151577,0.36254830951576184,0.1781707747376697,0.45928091574656843,0,0
28,2019-02-02,49.86999999999999,25.032516258129064,63.348600000000005,138.25111625812906,0.3607204147768874,0.18106556341571073,0.4582140218074019,0,0
29,2019-02-03,49.28999999999999,27.52626313156578,62.547899999999984,139.36416313156576,0.35367772383111223,0.19751320937205216,0.4488090667968356,0,0
30,2019-02-04,49.55000000000001,24.691095547773887,62.24000000000002,136.48109554777392,0.3630539438530188,0.1809122021527956,0.45603385399418556,0,0
87,2019-04-02,50.13000000000005,26.34817408704352,60.13999999999992,136.61817408704349,0.3669350753294415,0.19285994900104814,0.44020497566951045,0,0
88,2019-04-03,49.92999999999996,26.714607303651825,59.12860000000005,135.77320730365182,0.3677456030653628,0.19675905014091316,0.43549534679372415,0,0
94,2019-04-09,47.489999999999995,26.37568784392196,51.26649999999999,125.13218784392195,0.379518657974993,0.21078259957238576,0.40969874245262117,0,0
96,2019-04-11,51.3,26.068034017008504,56.80720000000001,134.1752340170085,0.3823358339997159,0.19428349954436475,0.4233806664559194,0,0
97,2019-04-12,50.56999999999999,27.688844422211105,60.76440000000001,139.02324442221112,0.3637521208066459,0.1991670136694593,0.43708086552389475,0,0
98,2019-04-13,52.08000000000001,26.660830415207602,61.474400000000045,140.21523041520766,0.37142897990310936,0.19014218595411575,0.4384288341427749,0,0
99,2019-04-14,49.99999999999998,26.095547773886942,62.35719999999988,138.4527477738868,0.36113403889720663,0.1884798112963761,0.45038614980641717,0,0
100,2019-04-15,40.19,26.363181590795396,47.15916359846594,113.71234518926133,0.3534356795922931,0.2318409803871063,0.41472334002060063,0,0
101,2019-04-16,50.87000000000003,27.204852426213105,61.467899999999986,139.54275242621313,0.3645477756137774,0.19495711495728438,0.4404951094289382,0,0
102,2019-04-17,50.919999999999966,26.752126063031515,61.339300000000065,139.01142606303154,0.3663008246308578,0.19244551919711533,0.44125365617202694,0,0
103,2019-04-18,52.220000000000034,25.846673336668335,61.41999999999998,139.48667333666836,0.37437268199780344,0.18529851431960234,0.44032880368259414,0,0
104,2019-04-19,50.759999999999955,26.111805902951474,62.898599999999995,139.7704059029514,0.36316700715060385,0.18681927504082674,0.4500137178085695,0,0
105,2019-04-20,51.030000000000044,26.85592796398199,61.698599999999956,139.584527963982,0.3655849308253396,0.1923990312945846,0.4420160378800757,0,0
106,2019-04-21,50.71999999999998,26.588294147073537,63.15930000000008,140.46759414707358,0.3610797231060617,0.18928418549857723,0.4496360913953612,0,0
110,2019-04-25,51.62000000000001,25.030015007503753,61.05930000000004,137.70931500750382,0.3748475547727997,0.1817597815088969,0.4433926637183033,0,0
111,2019-04-26,51.03999999999999,26.52826413206603,59.769300000000015,137.33756413206603,0.3716390364322983,0.19316102116501804,0.43519994240268367,0,0
112,2019-04-27,51.71000000000002,27.276138069034516,59.75929999999994,138.7454380690345,0.3726969385059787,0.19659124255647914,0.43071181893754207,0,0
113,2019-04-28,50.11999999999999,26.55952976488244,63.57860000000002,140.25812976488245,0.3573411401108596,0.18936178465665213,0.45329707523248824,0,0
114,2019-04-29,32.68,25.421460730365183,62.709300000000034,120.81076073036522,0.27050570497555054,0.2104238113946055,0.519070483629844,0,1
115,2019-04-30,41.44000000000001,26.063031515757878,62.30859999999996,129.81163151575785,0.3192317939164766,0.20077577957714893,0.47999242650637447,0,0
116,2019-05-01,50.75,28.077788894447224,60.249300000000034,139.07708889444726,0.3649055383846636,0.20188651572766883,0.43320794588766753,0,0
117,2019-05-02,42.72,26.20935467733867,61.078599999999994,130.00795467733866,0.3285952779276083,0.20159808484324346,0.4698066372291483,0,0
118,2019-05-03,32.64,26.900950475237618,61.559300000000036,121.10025047523766,0.26952875714054914,0.22213785991085355,0.5083333829485973,0,1
119,2019-05-04,39.09999999999998,28.339169584792394,62.659999999999975,130.09916958479235,0.30053996597200794,0.2178274440585287,0.4816325899694634,0,0
120,2019-05-05,49.61,25.92546273136568,62.02929999999998,137.56476273136565,0.3606301425960196,0.18846005486152384,0.4509098025424566,0,0
121,2019-05-06,50.61000000000003,25.99799899949975,61.587900000000005,138.19589899949978,0.3662192609650683,0.18812424382863818,0.4456564952062936,0,0
122,2019-05-07,49.609999999999985,26.895947973986992,61.72930000000002,138.235247973987,0.35888097086016413,0.1945664970995549,0.44655253204028106,0,0
123,2019-05-08,49.410000000000004,27.985242621310654,61.839999999999975,139.23524262131065,0.3548670514000854,0.20099252239911974,0.44414042620079475,0,0
124,2019-05-09,49.41000000000001,25.594047023511756,62.529300000000006,137.53334702351177,0.3592583258484447,0.18609339172947179,0.4546482824220836,0,0
125,2019-05-10,49.869999999999976,25.846673336668335,61.90789999999995,137.62457333666825,0.36236261294706423,0.1878056564320104,0.4498317306209254,0,0
126,2019-05-11,37.60000000000002,27.645072536268135,63.169300000000085,128.41437253626825,0.2928021159732771,0.21528020571420306,0.4919176783125198,0,0
127,2019-05-12,48.499999999999986,27.159829914957477,60.83999999999995,136.49982991495742,0.3553117980455845,0.19897336085970718,0.4457148410947082,0,0
128,2019-05-13,47.05000000000001,27.54377188594297,61.34790000000004,135.94167188594304,0.34610432067861885,0.2026146324656988,0.4512810468556822,0,0
129,2019-05-14,47.07999999999998,27.917708854427215,61.96929999999999,136.96700885442718,0.3437324096785823,0.20382798082492282,0.45243960949649487,0,0
130,2019-05-15,41.79,28.72936468234117,60.31,130.82936468234118,0.3194237020218493,0.21959416184659455,0.46098213613155614,0,0
131,2019-05-16,48.77999999999999,28.50425212606303,62.28929999999994,139.57355212606296,0.34949314721131297,0.20422387831985506,0.4462829744688319,0,0
132,2019-05-17,49.98000000000003,28.6568284142071,62.050000000000004,140.68682841420713,0.3552571378810957,0.2036923337971362,0.4410505283217682,0,0
133,2019-05-18,50.16999999999997,28.496748374187092,61.1579000000001,139.82464837418718,0.3588065522306136,0.20380346888430176,0.4373899788850845,0,0
134,2019-05-19,37.61,28.264132066033017,61.06859999999991,126.94273206603293,0.29627533130794814,0.22265262143035186,0.4810720472617,0,0
145,2019-08-08,46.769999999999975,28.533016508254125,63.637900000000045,138.94091650825413,0.3366179033173535,0.20536079094137147,0.4580213057412751,0,0
146,2019-08-09,44.800000000000026,29.193346673336666,63.52930000000002,137.5226466733367,0.32576452739755174,0.21228028531679471,0.46195518728565355,0,0
149,2019-08-12,46.529999999999966,24.275887943971984,64.4493,135.25518794397195,0.34401637901885534,0.17948212052337703,0.4765015004577676,0,0
150,2019-08-13,45.33000000000001,22.515007503751875,64.06860000000006,131.91360750375196,0.34363399544441015,0.17067994674553563,0.4856860578100541,0,0
152,2019-08-15,40.31000000000002,18.621810905452726,63.62999999999997,122.56181090545272,0.3288952709020934,0.15193811814528477,0.5191666109526217,0,0
153,2019-08-16,46.14,19.328414207103553,64.36860000000001,129.83701420710355,0.3553686156584123,0.14886674901713867,0.49576463532444914,0,0
154,2019-08-17,45.86,22.182341170585293,62.78860000000005,130.83094117058533,0.35052870207671244,0.1695496567716547,0.47992164115163294,0,0
155,2019-08-18,45.90999999999998,21.225612806403202,64.46929999999992,131.6049128064031,0.3488471594334454,0.16128283020579223,0.48987001036076244,0,0
156,2019-08-19,46.63000000000003,21.23561780890445,61.50930000000006,129.37491780890454,0.36042534974882595,0.16414014531217624,0.4754345049389978,0,0
164,2019-08-27,48.849999999999966,28.53176588294147,64.32790000000003,141.70966588294147,0.34471889899417485,0.20133958897701437,0.4539415120288108,0,0
165,2019-08-28,47.44000000000001,26.31065532766383,65.71719999999999,139.46785532766384,0.34015006460481617,0.1886503184970468,0.47119961689813694,0,0
166,2019-08-29,48.21999999999998,25.64032016008004,65.61000000000003,139.47032016008006,0.34573664091868744,0.18384069191675198,0.47042266716456044,0,0
167,2019-08-30,48.70000000000003,26.394447223611806,65.17860000000002,140.27304722361185,0.34718002470115633,0.18816478108966955,0.4646551942091741,0,0
168,2019-08-31,48.730000000000025,27.084792396198097,64.39929999999988,140.214092396198,0.34753995955203554,0.19316740516827338,0.45929263527969116,0,0
169,2019-09-01,48.50999999999998,27.568784392196097,63.03930000000011,139.11808439219618,0.34869657824817735,0.19816822890168093,0.45313519285014175,0,0
170,2019-09-02,48.54999999999998,29.068284142071036,62.77859999999997,140.39688414207097,0.345805395160131,0.2070436557029011,0.447150949136968,0,0
171,2019-09-03,49.66000000000001,26.807153576788394,65.14860000000003,141.61575357678845,0.35066720153469944,0.18929499649382386,0.4600378019714766,0,0
172,2019-09-04,48.17000000000001,28.06778389194597,65.64929999999995,141.88708389194593,0.3394953133062052,0.19781775142634536,0.4626869352674494,0,0
173,2019-09-05,50.0,26.864682341170585,65.77860000000007,142.64328234117065,0.3505247438180176,0.18833471790782483,0.4611405382741576,0,0
174,2019-09-06,48.36,27.278639319659828,65.08789999999992,140.72653931965976,0.34364520177782854,0.19384147049687983,0.4625133277252915,0,0
177,2019-09-09,45.98999999999999,23.56928464232116,63.81300000000001,133.37228464232115,0.3448242648263568,0.1767180093340191,0.47845772583962415,0,0
178,2019-09-10,46.13000000000001,20.86543271635818,65.22510000000003,132.2205327163582,0.34888681093850143,0.15780781008588937,0.4933053789756092,0,0
180,2019-09-12,43.50999999999998,21.180590295147574,67.39860000000003,132.0891902951476,0.32939864271087405,0.1603506709960176,0.5102506862931082,0,0
181,2019-09-13,44.550000000000004,18.309154577288645,67.58789999999996,130.4470545772886,0.3415178682597587,0.1403569795931318,0.5181251521471095,0,0
182,2019-09-14,46.10000000000002,19.88369184592296,65.95000000000002,131.933691845923,0.3494179489332967,0.15070973583566408,0.4998723152310393,0,0
183,2019-09-15,45.09999999999998,20.554027013506754,65.10999999999996,130.76402701350668,0.34489607753775875,0.15718410852690948,0.49791981393533186,0,0
184,2019-09-16,44.77000000000004,20.542771385692845,66.05999999999999,131.3727713856929,0.3407859903370791,0.15637008467593347,0.5028439249869873,0,0
185,2019-09-17,42.359999999999964,27.058529264632316,66.86860000000004,136.2871292646323,0.3108143830496894,0.19854060622329242,0.49064501072701827,0,0
186,2019-09-18,42.65999999999999,29.769884942471236,67.82930000000002,140.25918494247125,0.3041512041974109,0.2122490940944913,0.4835997017080978,0,0
187,2019-09-19,44.03,23.999499749874936,66.76859999999998,134.7980997498749,0.3266366520128995,0.1780403417734174,0.49532300621368325,0,0
188,2019-09-20,44.14000000000002,25.07753876938469,67.0872,136.3047387693847,0.32383320197459103,0.1839814154356997,0.49218538258970934,0,0
189,2019-09-21,44.96999999999998,26.16808404202101,64.33930000000001,135.47738404202101,0.3319373216274359,0.19315463039871258,0.47490804797385144,0,0
190,2019-09-22,39.1,30.212606303151574,65.19,134.50260630315157,0.29070068658650106,0.2246246904320668,0.48467462298143227,0,0
194,2019-09-26,39.400000000000006,28.978239119559777,65.90930000000007,134.28753911955985,0.2934002682476824,0.21579246525442441,0.4908072664978932,0,0
195,2019-09-27,46.67,30.35642821410705,65.9186,142.94502821410705,0.32648914469481494,0.21236435148089478,0.46114650382429023,0,0
196,2019-09-28,45.72999999999999,28.664332166083042,66.56830000000001,140.96263216608304,0.3244122168924926,0.20334702697882762,0.4722407561286797,0,0
197,2019-09-29,44.3,29.708604302151073,63.26460000000003,137.2732043021511,0.3227141103408031,0.21641954417236206,0.4608663454868348,0,0
198,2019-09-30,47.180000000000014,28.376688344172084,63.90649999999988,139.46318834417198,0.3382971561181264,0.20347081320228483,0.45823203067958873,0,0
199,2019-10-01,48.49000000000002,26.50575287643822,61.867900000000084,136.86365287643832,0.3542942116544062,0.193665391207758,0.45204039713783584,0,0
200,2019-10-02,47.71999999999996,28.400450225112557,61.08999999999993,137.21045022511245,0.3477869209065986,0.20698460050614037,0.44522847858726106,0,0
206,2019-10-08,26.879999999999967,21.887193596798397,51.82789999999986,100.59509359679822,0.26720985128498864,0.21757714829041155,0.5152130004245998,0,1
210,2019-10-12,50.11,19.776138069034516,57.84860000000002,127.73473806903453,0.39229735589169124,0.15482192524907717,0.4528807188592316,0,0
211,2019-10-13,33.13,26.281890945472735,38.03999999999996,97.45189094547268,0.3399626182578361,0.26969092842106324,0.3903464533211008,0,1
215,2019-10-17,48.27,27.2136068034017,61.98929999999996,137.47290680340166,0.3511237313766148,0.19795614595041297,0.45092012267297227,0,0
216,2019-10-18,41.08000000000002,26.48199099549775,63.989300000000014,131.55129099549777,0.3122736363066627,0.20130544364178132,0.4864209200515561,0,0
217,2019-10-19,45.86999999999996,27.30865432716358,64.55929999999998,137.73795432716352,0.3330236769093199,0.19826528178499306,0.4687110413056871,0,0
218,2019-10-20,46.92,27.478739369684842,64.30790000000003,138.70663936968486,0.33826787393318275,0.198106878622066,0.4636252474447513,0,0
219,2019-10-21,47.070000000000014,26.584542271135568,65.96000000000005,139.61454227113563,0.3371425299564329,0.1904138482902991,0.472443621753268,0,0
220,2019-10-22,46.640000000000015,24.174587293646823,65.7185999999999,136.53318729364673,0.3416019278865125,0.17706015491789323,0.48133791719559427,0,0
221,2019-10-23,46.50999999999998,26.291895947973988,66.90860000000002,139.71049594797398,0.3329026905560451,0.18818840896366643,0.4789089004802885,0,0
222,2019-10-24,47.430000000000035,27.00975487743872,65.19860000000008,139.63835487743884,0.3396631250893033,0.19342647585002912,0.46691039906066756,0,0
223,2019-10-25,38.76,29.084542271135568,65.88859999999995,133.73314227113553,0.2898309225503468,0.21748193287919973,0.4926871445704533,0,0
224,2019-10-26,46.83,30.113806903451724,65.98999999999998,142.9338069034517,0.3276341756686892,0.21068358533116566,0.4616822390001451,0,0
230,2019-11-08,45.97,16.870935467733865,65.94929999999998,128.79023546773385,0.3569369978480782,0.13099545479098518,0.5120675473609366,0,0
231,2019-11-09,47.54000000000002,19.90495247623812,65.65929999999997,133.10425247623812,0.35716364515466476,0.14954407621042437,0.4932922786349108,0,0
232,2019-11-10,47.66999999999997,19.64232116058029,66.19930000000005,133.51162116058032,0.35704757073292637,0.1471206849998144,0.4958317442672592,0,0
233,2019-11-11,47.109999999999985,26.091795897948973,67.26859999999996,140.47039589794892,0.33537315602232076,0.18574587001879414,0.4788809739588851,0,0
234,2019-11-12,44.41000000000003,29.06328164082041,68.75930000000005,142.2325816408205,0.31223506940307433,0.20433631524887752,0.483428615348048,0,0
235,2019-11-13,38.44,30.076288144072034,67.8386,136.35488814407205,0.2819114189685994,0.2205735969824092,0.4975149840489913,0,0
237,2019-11-15,44.75999999999997,26.74712356178089,66.70930000000003,138.21642356178089,0.3238399522036023,0.1935162470024793,0.48264380079391844,0,0
238,2019-11-16,36.09999999999999,29.114557278639317,67.66,132.87455727863932,0.27168481866921984,0.21911310844547757,0.5092020728853025,0,1
240,2019-11-18,43.269999999999975,28.412956478239117,68.39930000000005,140.08225647823915,0.30888994143752735,0.20283051681604575,0.4882795417464269,0,0
242,2019-11-20,46.00999999999999,28.935717858929465,68.28000000000006,143.2257178589295,0.3212411896955381,0.20202878569217414,0.47673002461228786,0,0
243,2019-11-21,45.300000000000026,29.412206103051524,67.63859999999997,142.35080610305153,0.3182279134212008,0.206617769918066,0.47515431666073316,0,0
244,2019-11-22,46.44000000000001,30.87543771885943,67.01,144.32543771885946,0.32177279857251073,0.21392928514101323,0.46429791628647593,0,0
245,2019-11-23,45.479999999999976,31.30440220110055,68.31790000000001,145.10230220110054,0.31343403454045976,0.21574021725523745,0.47082574820430273,0,0
246,2019-11-24,45.219999999999985,30.965482741370685,67.64789999999996,143.83338274137063,0.31439154901411775,0.21528717569724598,0.4703212752886363,0,0
247,2019-11-25,44.730000000000004,31.878439219609803,67.8786,144.4870392196098,0.3095779402885656,0.22063182546883592,0.46979023424259847,0,0
248,2019-11-26,41.480000000000004,32.45372686343171,67.58929999999997,141.52302686343168,0.2930971794436519,0.22931764238443852,0.4775851781719096,0,0
249,2019-11-27,45.85000000000002,31.350675337668832,68.95930000000008,146.15997533766893,0.3136973709394393,0.21449562553113685,0.47180700352942395,0,0
250,2019-11-28,45.27999999999999,32.77388694347174,67.91929999999991,145.97318694347163,0.3101939537535393,0.22451991101738075,0.4652861352290799,0,0
251,2019-11-29,37.410000000000004,33.11905952976488,68.32860000000007,138.85765952976493,0.2694125777914394,0.2385108581112562,0.49207656409730455,0,1
252,2019-11-30,44.19000000000001,33.10280140070035,68.7286,146.02140140070037,0.3026268723359072,0.22669828588935578,0.47067484177473695,0,0
253,2019-12-01,47.06,30.475237618809405,68.34929999999996,145.88453761880936,0.3225838787861532,0.20889971011485822,0.4685164110989886,0,0
254,2019-12-02,44.22000000000001,28.264132066033017,69.22930000000001,141.71343206603302,0.3120381699555141,0.199445681711124,0.48851614833336204,0,0
255,2019-12-03,45.919999999999966,29.643571785892945,65.88860000000004,141.45217178589297,0.3246326968348433,0.20956604208779847,0.4658012610773581,0,0
256,2019-12-04,45.29000000000002,29.70735367683842,66.50719999999995,141.50455367683838,0.32006037136749144,0.2099392062299473,0.47000042240256135,0,0
257,2019-12-05,48.41,27.269884942471236,64.50860000000006,140.1884849424713,0.3453208016326438,0.19452300204015968,0.46015619632719656,0,0
258,2019-12-06,51.999999999999986,28.839419709854926,61.80859999999993,142.64801970985485,0.36453362693549934,0.2021718897220874,0.43329448334241316,0,0
259,2019-12-07,51.03000000000004,29.41095547773887,62.009299999999996,142.4502554777389,0.3582303157608211,0.20646474363350653,0.43530494060567243,0,0
260,2019-12-08,49.869999999999976,31.383191595797896,64.08,145.33319159579787,0.34314253648745924,0.21593960231108902,0.44091786120145177,0,0
261,2019-12-09,50.77,21.48449224612306,63.59930000000001,135.85379224612308,0.3737105837135647,0.15814422174686238,0.4681451945395729,0,0
262,2019-12-10,50.31000000000001,18.530515257628814,61.06970000000003,129.91021525762886,0.3872674669981012,0.14264094029003332,0.4700915927118654,0,0
263,2019-12-11,51.67,17.56753376688344,61.889999999999944,131.1275337668834,0.39404386337241853,0.13397288320937037,0.47198325341821096,0,0
264,2019-12-12,52.37999999999998,17.01975987993997,61.38000000000003,130.77975987993997,0.4005206925604276,0.13014062646669985,0.4693386809728726,0,1
265,2019-12-13,55.09000000000001,16.967233616808404,60.009300000000025,132.06653361680844,0.41713822943096135,0.1284748917999082,0.4543868787691304,0,1
268,2019-12-16,48.280000000000015,16.60455227613807,63.67859999999996,128.56315227613806,0.3755352847626234,0.1291548315529282,0.49530988368444834,0,0
269,2019-12-17,49.269999999999996,16.95222611305653,64.9837,131.20592611305653,0.37551657504818337,0.12920320457514445,0.49528022037667213,0,0
270,2019-12-18,51.379999999999995,19.02826413206603,63.80790000000002,134.21616413206604,0.3828152915280986,0.1417732674385076,0.4754114410333938,0,0
271,2019-12-19,51.62,28.387943971985994,63.59719999999996,143.60514397198597,0.3594578757573605,0.1976805508967271,0.4428615733459123,0,0
272,2019-12-20,45.41000000000001,26.220610305152576,50.40857036018014,122.03918066533274,0.37209361577514655,0.21485403427164254,0.4130523499532109,0,0
273,2019-12-21,51.99000000000001,24.781140570285142,58.083699999999936,134.8548405702851,0.3855256495068362,0.18376159480437368,0.4307127556887901,0,0
274,2019-12-22,52.79999999999997,24.508504252126063,59.295100000000026,136.60360425212605,0.3865198161429786,0.17941330601271174,0.43406687784430975,0,0
275,2019-12-23,52.84000000000002,25.191345672836416,59.205799999999996,137.23714567283645,0.3850269527316373,0.1835606937854186,0.431412353482944,0,0
276,2019-12-24,53.55999999999998,25.4552276138069,61.245100000000015,140.2603276138069,0.3818613638738404,0.18148558503225073,0.4366530510939088,0,0
277,2019-12-25,52.68000000000002,24.329664832416206,62.513,139.52266483241624,0.3775730635827171,0.17437786800903712,0.4480490684082457,0,0
278,2019-12-26,52.36999999999999,22.953976988494247,62.963699999999996,138.28767698849424,0.378703302712629,0.1659871471440225,0.45530955014334845,0,0
279,2019-12-27,50.910000000000025,23.878189094547274,63.85649999999998,138.6446890945473,0.36719762100142533,0.17222577547318668,0.46057660352538793,0,0
280,2019-12-28,53.21999999999999,24.078289144572285,62.214400000000005,139.51268914457228,0.3814706771571861,0.17258852432857036,0.44594079851424356,0,0
281,2019-12-29,53.429999999999964,23.40920460230115,60.76650000000001,137.6057046023011,0.388283321206921,0.170117980718582,0.44159869807449714,0,0
282,2019-12-30,52.89000000000003,23.445472736368185,62.765799999999956,139.10127273636817,0.38022657132864524,0.16854966367420118,0.45122376499715355,0,0
283,2019-12-31,49.37,25.305152576288144,62.59860000000005,137.2737525762882,0.35964632038862077,0.18434079422594002,0.4560128853854392,0,0
89,2019-04-04,31.150000000000006,26.74087043521761,27.822922011005552,85.71379244622317,0.36341875806677804,0.311978617116899,0.3246026248163229,1,0
92,2019-04-07,37.41999999999998,26.48824412206103,16.226699999999934,80.13494412206094,0.46696232723394826,0.33054548689413615,0.2024921858719156,1,0
93,2019-04-08,33.18000000000002,25.679089544772385,20.44020000000001,79.29928954477242,0.4184148457126665,0.32382496352976725,0.2577601907575662,1,0
95,2019-04-10,32.65,26.161830915457728,30.788567521260635,89.60039843671836,0.3643957010197846,0.2919834216355066,0.34362087734470875,1,0
135,2019-05-20,31.770000000000024,28.38169084542271,34.413148841087235,94.56483968650997,0.3359599625539484,0.3001294237848897,0.36391061366116184,1,0
157,2019-08-20,13.749999999999986,22.368684342171086,12.297256228114064,48.41594057028514,0.28399737437795286,0.4620107361066052,0.2539918895154419,1,0
175,2019-09-07,19.23,27.078539269634817,20.742182691345754,67.05072196098058,0.2867978067587503,0.4038515690463836,0.30935062419486603,1,0
176,2019-09-08,34.15000000000001,29.584792396198097,32.96364794063694,96.69844033683505,0.3531597808717847,0.3059490131706752,0.3408912059575401,1,0
213,2019-10-15,39.980000000000004,29.856178089044523,12.819999999999865,82.65617808904439,0.483690401907164,0.361209274119605,0.15510032397323104,1,0
266,2019-12-14,16.710000000000036,16.42446223111556,9.443253339169525,42.577715570285115,0.3924588197414214,0.38575254710419815,0.2217886331543806,1,0
0,2019-01-01,65.13,25.168834417208604,49.80929999999998,140.1081344172086,0.464855236784885,0.17963863784141057,0.35550612537370435,2,0
1,2019-01-02,65.67,25.483991995997997,47.63000000000002,138.783991995998,0.4731813738424073,0.18362342536402076,0.3431952007935719,2,0
8,2019-01-13,58.67999999999998,28.826913456728363,55.45860000000002,142.96551345672836,0.41044863604648796,0.20163543472638568,0.38791592922712637,2,0
9,2019-01-14,65.48,28.410455227613806,49.15999999999994,143.05045522761375,0.45774059156828234,0.1986044377307902,0.3436549707009275,2,0
10,2019-01-15,65.65000000000005,26.268134067033515,48.32000000000005,140.23813406703363,0.4681322982279516,0.18731092111135322,0.34455678066069506,2,0
11,2019-01-16,65.54999999999998,25.787893946973487,49.39929999999996,140.73719394697343,0.46576173761640954,0.18323439045324277,0.35100387193034766,2,0
12,2019-01-17,66.20999999999998,25.236368184092047,49.49860000000005,140.9449681840921,0.4697578129466905,0.17905121771449217,0.3511909693388172,2,0
13,2019-01-18,65.50000000000003,27.419959979989994,48.74929999999999,141.66925997999002,0.4623444776181617,0.19354911562228044,0.34410640675955784,2,0
14,2019-01-19,65.50999999999999,25.581540770385192,47.98860000000006,139.08014077038524,0.4710233944050568,0.18393381419291996,0.3450427914020232,2,0
15,2019-01-20,66.94,25.579039519759878,48.56929999999993,141.0883395197598,0.47445451713339404,0.18129804069440808,0.3442474421721978,2,0
16,2019-01-21,58.610000000000014,25.362681340670335,55.49930000000005,139.4719813406704,0.4202277721777025,0.18184786002803066,0.3979243677942668,2,0
18,2019-01-23,29.02000000000001,13.813312906453225,13.846187843921912,56.67950075037515,0.5120016869557189,0.24370914922643877,0.24428916381784235,2,1
31,2019-02-05,16.26999999999999,8.190762047690512,8.817624095381037,33.278386143071536,0.4889059201985177,0.24612858365416274,0.2649654961473196,2,0
32,2019-02-06,41.06000000000002,15.847793688510922,16.43482557111889,73.34261925962983,0.5598382006872337,0.2160789163039077,0.2240828830088586,2,1
33,2019-02-07,65.59,26.595797898949474,46.85929999999994,139.04509789894942,0.4717174570776118,0.19127461737829754,0.33700792554409065,2,0
34,2019-02-08,64.8,26.807153576788394,48.330000000000034,139.93715357678843,0.46306501414180873,0.1915656628107586,0.3453693230474326,2,0
35,2019-02-09,65.33000000000001,27.29489744872436,47.648599999999995,140.27349744872436,0.4657330229032093,0.1945834241332847,0.33968355296350605,2,0
36,2019-02-10,65.25,24.833666833416707,47.438599999999994,137.52226683341672,0.47446861880948005,0.18057924294905778,0.34495213824146204,2,0
37,2019-02-11,65.22999999999999,25.84792396198099,46.438599999999994,137.51652396198097,0.4743429961772016,0.1879623133080875,0.33769469051471096,2,0
38,2019-02-12,65.03999999999999,26.281890945472735,47.96930000000002,139.29119094547275,0.4669354864333144,0.1886830801508554,0.3443814334158302,2,0
39,2019-02-13,66.52999999999999,24.26713356678339,46.817199999999985,137.61433356678336,0.4834525465162639,0.17634161309953011,0.34020584038420604,2,0
40,2019-02-14,66.67,24.167083541770886,47.038600000000045,137.8756835417709,0.4835515464900786,0.17528169522691223,0.34116675828300935,2,0
41,2019-02-15,66.66999999999999,25.247623811905953,47.63000000000001,139.54762381190596,0.47775804545309514,0.18092478483142663,0.34131716971547815,2,0
42,2019-02-16,65.29000000000002,25.36018009004502,46.90789999999989,137.55808009004494,0.4746358771310378,0.1843597996820278,0.3410043231869344,2,0
43,2019-02-17,66.48999999999998,25.382691345672836,46.92930000000008,138.8019913456729,0.4790277095838855,0.18286979242581403,0.33810249799030057,2,0
44,2019-02-18,66.31000000000002,25.35142571285643,43.85000000000001,135.51142571285646,0.4893314320263176,0.18707961767427,0.32358895029941226,2,0
45,2019-02-19,66.60000000000001,25.345172586293145,45.07929999999999,137.02447258629314,0.4860445637406683,0.18496821850805997,0.32898721775127177,2,0
46,2019-02-20,66.31,25.461480740370185,45.71859999999999,137.49008074037016,0.4822893378411546,0.18518776484283586,0.3325228973160097,2,0
47,2019-02-21,67.17999999999998,25.597798899449725,45.8893,138.6670988994497,0.48446964372358825,0.18459893588753307,0.3309314203888786,2,0
48,2019-02-22,65.90000000000002,25.53151575787894,46.19929999999995,137.6308157578789,0.4788171866679317,0.18550726170797505,0.3356755516240933,2,0
49,2019-02-23,66.70999999999998,25.39394697348674,45.76000000000005,137.86394697348678,0.48388285309160106,0.18419570548324982,0.33192144142514907,2,0
50,2019-02-24,66.15,25.3751875937969,47.498600000000046,139.02378759379695,0.4758178520734787,0.18252407039821653,0.3416580775283047,2,0
51,2019-02-25,66.99999999999999,25.43896948474237,46.80789999999989,139.24686948474226,0.48115982964587506,0.18268970483052618,0.3361504655235986,2,0
52,2019-02-26,65.59,26.36818409204602,47.50930000000007,139.4674840920461,0.4702888305973294,0.18906330937068802,0.3406478600319825,2,0
53,2019-02-27,67.25000000000003,26.486993496748372,47.20929999999998,140.94629349674838,0.47713209288154484,0.18792259689581284,0.3349453102226423,2,0
54,2019-02-28,64.96,26.295647823911956,48.41000000000001,139.66564782391197,0.46511079146606216,0.18827570153159676,0.34661350700234106,2,0
55,2019-03-01,63.789999999999985,25.726613306653327,49.658600000000035,139.17521330665335,0.4583431092679379,0.1848505398009938,0.3568063509310683,2,0
56,2019-03-02,63.41999999999999,26.34942471235618,48.98859999999992,138.75802471235608,0.4570546469760504,0.18989478098278106,0.3530505720411686,2,0
57,2019-03-03,66.88999999999999,27.626313156578288,46.628600000000006,141.1449131565783,0.4739101006480903,0.1957301367703645,0.3303597625815451,2,0
58,2019-03-04,65.85000000000002,26.82091045522761,45.80860000000011,138.47951045522774,0.47552161170652174,0.19368143609880226,0.33079695219467603,2,0
59,2019-03-05,66.61999999999999,25.542771385692845,46.59999999999991,138.76277138569276,0.48009995285283624,0.18407510264187799,0.33582494450528566,2,0
60,2019-03-06,66.72000000000001,24.34592296148074,46.20000000000002,137.26592296148078,0.48606382822867705,0.17736319718851581,0.336572974582807,2,0
61,2019-03-07,65.37,24.040770385192594,46.28930000000001,135.7000703851926,0.48172414217946563,0.17716107528132788,0.3411147825392067,2,0
62,2019-03-08,66.86000000000001,25.692846423211606,45.69789999999996,138.25074642321158,0.4836140254558117,0.1858423703880843,0.330543604156104,2,0
63,2019-03-09,66.78,25.645322661330663,45.58880000000005,138.0141226613307,0.4838635257919925,0.18581665533070887,0.3303198188772987,2,0
64,2019-03-10,66.39999999999998,26.744622311155577,45.707899999999974,138.85252231115552,0.47820521294675356,0.1926117139681725,0.329183073085074,2,0
65,2019-03-11,66.26,27.83016508254127,45.60720000000002,139.6973650825413,0.47431102197847297,0.19921753761137584,0.3264714404101512,2,0
66,2019-03-12,66.42,28.06153076538269,44.593000000000025,139.07453076538272,0.4775856487486544,0.20177332694166844,0.32064102430967717,2,0
67,2019-03-13,65.34000000000003,29.44097048524262,29.37789999999991,124.15887048524256,0.5262612308297884,0.2371233756410659,0.2366153935291458,2,1
68,2019-03-14,66.74,28.853176588294147,39.35860000000004,134.9517765882942,0.494547027740197,0.2138036068715,0.29164936538830294,2,0
69,2019-03-15,66.68,28.890695347673837,40.07929999999993,135.64999534767378,0.49155917646069774,0.2129797002471425,0.2954611232921597,2,0
70,2019-03-16,66.47000000000003,27.750125062531264,45.18790000000004,139.40802506253135,0.47680181948051387,0.19905686957464586,0.3241413109448401,2,0
71,2019-03-17,66.51999999999997,28.785642821410704,44.197199999999995,139.50284282141067,0.4768361608598745,0.20634448903856123,0.31681935010156426,2,0
72,2019-03-18,66.61000000000004,28.534267133566782,41.05719999999998,136.2014671335668,0.48905493752632295,0.20950043882849279,0.30144462364518426,2,0
73,2019-03-19,66.27,28.646823411705853,45.39720000000008,140.31402341170593,0.47229776745516167,0.20416222637740958,0.3235400061674288,2,0
74,2019-03-20,66.75,28.66058029014507,44.88930000000005,140.29988029014513,0.47576662119710034,0.20428086061708658,0.319952518185813,2,0
75,2019-03-21,66.50999999999996,28.778139069534767,45.33929999999997,140.62743906953472,0.4729517968901744,0.2046409950998618,0.3224072080099637,2,0
76,2019-03-22,65.78,28.264132066033017,44.999300000000005,139.043432066033,0.4730895880702979,0.2032755639447257,0.32363484798497655,2,0
77,2019-03-23,65.94000000000001,28.758129064532266,45.18790000000004,139.88602906453232,0.47138374318696635,0.20558256787220364,0.32303368894083,2,0
78,2019-03-24,67.01999999999998,29.749874937468732,44.72929999999996,141.49917493746867,0.4736423376999722,0.210247691907856,0.3161099703921718,2,0
79,2019-03-25,65.32000000000002,4.651075537768884,46.13790000000003,116.10897553776894,0.5625749404597249,0.04005784665851213,0.3973672128817629,2,1
90,2019-04-05,51.83000000000001,26.66208104052026,40.31809999999994,118.8101810405202,0.436242075772306,0.2244090599561258,0.3393488642715682,2,0
91,2019-04-06,46.860000000000014,28.73561780890445,45.47650000000006,121.07211780890452,0.38704204442811513,0.23734298473459944,0.37561497083728546,2,1
107,2019-04-22,59.500000000000014,26.689594797398698,51.89790000000001,138.08749479739873,0.43088622968573737,0.1932803172116167,0.3758334531026458,2,0
108,2019-04-23,65.96999999999998,26.404452226113055,45.92859999999992,138.30305222611295,0.4769959804802067,0.19091734998692703,0.33208666953286625,2,0
109,2019-04-24,57.53999999999999,26.448224112056028,54.010000000000005,137.99822411205602,0.41696188751876184,0.19165626429061716,0.391381848190621,2,0
136,2019-07-30,60.72,30.410205102551274,41.34684315491083,132.47704825746212,0.4583435455324601,0.22955074484638768,0.31210570962115214,2,0
137,2019-07-31,63.22999999999998,29.208354177088545,45.419299999999964,137.85765417708848,0.45866151123372745,0.21187328590089186,0.3294652028653808,2,0
138,2019-08-01,62.870000000000005,28.973236618309155,45.55000000000002,137.39323661830917,0.4575916656993717,0.21087818681205847,0.33153014748856985,2,0
139,2019-08-02,64.19000000000003,28.98574287143572,46.929999999999986,140.10574287143572,0.45815395346714843,0.206884759163896,0.33496128736895564,2,0
140,2019-08-03,63.8,27.826413206603302,47.61000000000002,139.23641320660332,0.45821346967141113,0.19985011510827708,0.3419364152203118,2,0
141,2019-08-04,63.87999999999997,26.874687343671834,46.569999999999965,137.32468734367177,0.4651749167295206,0.1957017915971267,0.3391232916733527,2,0
142,2019-08-05,65.31000000000003,26.390695347673837,46.47000000000004,138.17069534767393,0.4726762055851484,0.1910006697242703,0.3363231246905812,2,0
143,2019-08-06,59.680000000000014,29.20585292646323,50.79999999999999,139.68585292646324,0.42724441129638363,0.209082396782432,0.3636731919211843,2,0
158,2019-08-21,45.639999999999986,25.750375187593797,25.859326096381494,97.24970128397527,0.469307354134984,0.26478616229782626,0.2659064835671899,2,0
159,2019-08-22,63.459999999999994,25.96298149074537,48.85579999999997,138.27878149074533,0.45892796650256296,0.1877582461375899,0.3533137873598472,2,0
160,2019-08-23,64.97000000000003,25.74287143571786,49.80860000000009,140.52147143571798,0.46234927186711655,0.18319528804175683,0.35445544009112656,2,0
161,2019-08-24,65.27000000000001,26.513256628314156,48.49859999999996,140.28185662831413,0.465277560254546,0.18899989824459443,0.34572254150085957,2,0
162,2019-08-25,65.30000000000001,27.926463231615806,47.687199999999976,140.91366323161577,0.4634043179522504,0.1981813728432698,0.33841430920447996,2,0
163,2019-08-26,63.42,26.698349174587293,51.205800000000025,141.32414917458732,0.44875557624375273,0.18891569013873918,0.3623287336175081,2,0
201,2019-10-03,59.85000000000001,27.763881940970485,45.84860000000002,133.46248194097052,0.4484406338739544,0.20802761598012426,0.3435317501459213,2,0
202,2019-10-04,64.36000000000003,27.027263631815906,47.73999999999998,139.1272636318159,0.4625980438336031,0.19426288511891104,0.3431390710474859,2,0
203,2019-10-05,64.31999999999998,23.26913456728364,42.809300000000036,130.39843456728366,0.4932574552251378,0.17844642571439084,0.32829611906047135,2,0
204,2019-10-06,64.77999999999999,21.74712356178089,47.35860000000007,133.88572356178094,0.48384546370328696,0.1624304891009965,0.3537240471957166,2,0
205,2019-10-07,64.92000000000003,21.7983991995998,47.35930000000005,134.07769919959986,0.48419685292596204,0.1625803495266486,0.3532227975473895,2,0
208,2019-10-10,44.679999999999986,20.631565782891446,34.619300000000045,99.93086578289149,0.44710910537962495,0.20645839122134016,0.3464325033990348,2,0
209,2019-10-11,47.85000000000001,19.82366183091546,43.46790000000002,111.14156183091549,0.4305320099135938,0.17836407464809664,0.3911039154383095,2,0
212,2019-10-14,50.37999999999999,28.487993996998497,45.019300000000136,123.88729399699861,0.4066599436841403,0.22995089389625922,0.36338916241960056,2,0
267,2019-12-15,24.18999999999997,16.230615307653828,22.12142111055539,62.542036418209186,0.3867798585617692,0.259515299423929,0.3537048420143018,2,1
4,2019-01-05,49.56,8.613056528264131,63.35930000000006,121.53235652826419,0.4077926357699982,0.07087048070413277,0.521336883525869,3,0
5,2019-01-09,50.760000000000005,0.8341670835417708,64.35859999999997,115.95276708354174,0.43776445596531904,0.007194024813058315,0.5550415192216226,3,0
6,2019-01-11,49.72000000000001,9.178339169584792,65.60930000000003,124.50763916958483,0.3993329271329224,0.0737170765649447,0.5269499963021329,3,0
80,2019-03-26,65.59999999999995,0.08379189594797398,45.879299999999986,111.5630918959479,0.5880080847990787,0.0007510718332020107,0.41124084336771927,3,1
81,2019-03-27,61.22000000000004,0.21260630315157578,50.48930000000003,111.92190630315164,0.5469885389030059,0.0018995950853062705,0.45111186601168785,3,0
82,2019-03-28,49.299999999999955,0.17008504252126064,58.60999999999997,108.08008504252118,0.4561432384199569,0.0015736945659724944,0.5422830670140707,3,0
83,2019-03-29,51.440000000000026,0.1688344172086043,60.978600000000014,112.58743441720864,0.45688935240660905,0.0014995849055673878,0.5416110626878236,3,0
84,2019-03-30,50.289999999999985,0.11005502751375687,60.917899999999975,111.31795502751372,0.4517689889970593,0.0009886547725976038,0.5472423562303431,3,0
85,2019-03-31,49.87000000000002,0.06503251625812906,61.887900000000016,111.82293251625816,0.445972922349799,0.0005815669004090359,0.553445510749792,3,0
86,2019-04-01,50.499999999999964,9.909954977488743,60.85860000000003,121.26855497748875,0.41643111859768056,0.08171908191145134,0.501849799490868,3,0
225,2019-10-27,46.92,9.128314157078538,64.44000000000003,120.48831415707856,0.38941535806394634,0.07576099160270523,0.5348236503333484,3,0
226,2019-11-01,36.84000000000001,0.4277138569284642,64.71509999999999,101.98281385692846,0.3612373360445103,0.004193979757496232,0.6345686841979935,3,0
227,2019-11-02,29.75999999999999,0.07628814407203602,65.48000000000003,95.31628814407206,0.3122236564123992,0.0008003683898886757,0.6869759751977121,3,0
228,2019-11-04,36.15000000000001,0.04752376188094047,63.71530000000003,99.91282376188099,0.36181541706953596,0.0004756522745689014,0.6377089306558951,3,0
229,2019-11-07,46.89,6.582041020510255,64.26929999999996,117.74134102051022,0.39824584630670967,0.055902548446120394,0.5458516052471699,3,0
144,2019-08-07,29.559999999999995,28.673086543271634,63.95719999999994,122.19028654327157,0.24191775660933437,0.2346592953861153,0.5234229480045504,4,0
147,2019-08-10,10.4,28.785642821410704,66.96859999999997,106.15424282141066,0.09797064840353592,0.2711680857621342,0.63086126583433,4,0
148,2019-08-11,23.22,29.82866433216608,64.28,117.32866433216608,0.19790560245587105,0.25423168755862535,0.5478627099855036,4,0
151,2019-08-14,29.509999999999998,18.954477238619308,62.89999999999999,111.3644772386193,0.26498575427036114,0.17020218393344388,0.5648120617961949,4,0
179,2019-09-11,13.179999999999986,20.897948974487242,67.75439999999995,101.83234897448718,0.12942841967931104,0.20521915859687145,0.6653524217238175,4,0
191,2019-09-23,25.190000000000012,28.315407703851925,65.00999999999999,118.51540770385193,0.21254620380621866,0.23891752348864956,0.5485362727051317,4,0
192,2019-09-24,8.66,28.424212106053027,65.17859999999999,102.26281210605302,0.08468376550235125,0.2779525765101718,0.6373636579874769,4,0
193,2019-09-25,14.81000000000001,30.93671835917959,65.87859999999993,111.62531835917953,0.13267599338302005,0.27714786227649313,0.5901761443404868,4,0
207,2019-10-09,15.940000000000012,21.865932966483243,63.45930000000002,101.26523296648327,0.1574084168183944,0.21592734570334146,0.6266642374782642,4,0
214,2019-10-16,24.60000000000001,26.979739869934967,58.06790000000005,109.64763986993503,0.2243550342641277,0.24605855540473615,0.5295864103311361,4,0
236,2019-11-14,24.5,25.917958979489743,68.49789999999996,118.9158589794897,0.2060280286435613,0.21795208142893713,0.5760198899275016,4,0
239,2019-11-17,23.890000000000022,28.487993996998497,68.37719999999999,120.75519399699851,0.19783828098188333,0.2359152683544742,0.5662464506636424,4,0
241,2019-11-19,28.18000000000002,30.39144572286143,68.3685999999999,126.94004572286136,0.22199456317766966,0.23941574583337386,0.5385896909889565,4,0
